<assembly
	xmlns="http://maven.apache.org/plugins/maven-assembly-plugin/assembly/1.1.0"
	xmlns:xsi="http://www.w3.org/2001/XMLSchema-instance"
	xsi:schemaLocation="http://maven.apache.org/plugins/maven-assembly-plugin/assembly/1.1.0 http://maven.apache.org/xsd/assembly-1.1.0.xsd">
	<id>bin</id>
	<formats>
		<format>zip</format>
	</formats>
	<!-- <includeBaseDirectory>false</includeBaseDirectory> -->

	<files>
		<file>
			<source>target/${project.artifactId}-${project.version}.jar</source>
			<outputDirectory>lib</outputDirectory>
			<!-- <destName>${project.artifactId}.jar</destName> -->
			<destName>kroombasic.jar</destName>
		</file>
	</files>

	<fileSets>
		<fileSet>
			<directory>package</directory>
			<!-- <filtered>true</filtered> -->
			<outputDirectory></outputDirectory>
		</fileSet>
	</fileSets>
</assembly>